start,end,dab,flick,float,glide,press,punch,slash,wring
0,120,0.21976597607135773,0.37319257855415344,0.037727292627096176,0.2953243553638458,0.023367617279291153,0.021678436547517776,0.025141671299934387,0.0038020287174731493
60,180,0.5004662275314331,0.1899828165769577,0.006413816008716822,0.13587665557861328,0.06734256446361542,0.07604318857192993,0.0227891243994236,0.0010855634463950992
120,240,0.44033780694007874,0.24675732851028442,0.014356601983308792,0.19514136016368866,0.0386006161570549,0.04061974585056305,0.02270248346030712,0.001484012813307345
180,300,0.4732440710067749,0.10648160427808762,0.01212529931217432,0.098882295191288,0.17650489509105682,0.1020880788564682,0.02937612496316433,0.0012976955622434616
240,349,0.40897151827812195,0.16113875806331635,0.03340107947587967,0.15459933876991272,0.11187436431646347,0.0833578109741211,0.04376286268234253,0.00289432005956769
300,349,0.2785065174102783,0.28041571378707886,0.06386454403400421,0.2661747932434082,0.03792796656489372,0.030437152832746506,0.03827206790447235,0.004401247948408127
