start,end,dab,flick,float,glide,press,punch,slash,wring
0,120,0.0172023493796587,0.1041516661643982,0.0026618419215083122,0.5334893465042114,0.23241527378559113,0.0020972597412765026,0.10774672776460648,0.00023564424191135913
60,180,0.006845979485660791,0.012839462608098984,0.005993147846311331,0.946434736251831,0.026188744232058525,0.00041374575812369585,0.0006282583344727755,0.0006559872999787331
120,240,0.00596211152151227,0.004682203754782677,0.00303655001334846,0.9714014530181885,0.01366447564214468,0.0002440915268380195,0.0008640547748655081,0.00014501248369924724
180,300,0.0027319053187966347,0.014706089161336422,0.9210453033447266,0.022498374804854393,0.03144326061010361,0.0010444381041452289,0.003033012617379427,0.003497589146718383
240,349,0.0027000638656318188,0.0813184306025505,0.7372703552246094,0.015074051916599274,0.03382139652967453,0.05572258681058884,0.07024019956588745,0.0038529846351593733
300,349,0.00987331010401249,0.3907715976238251,0.3724753260612488,0.14993323385715485,0.008099299855530262,0.001960302470251918,0.06577849388122559,0.0011083903955295682
