seg_idx,start_frame,end_frame,float,press,punch,slash
0,0,120,0.069300,0.095416,0.788465,0.046818
1,60,180,0.225957,0.590493,0.178939,0.004611
2,120,240,0.358113,0.627968,0.012640,0.001279
3,180,248,0.204106,0.782984,0.012336,0.000574
4,240,248,0.017441,0.858690,0.121921,0.001948
